{
	"parent": "block/stone_button_inventory",
	"textures": {
		"all": "block/stone_button"
	},
	
	"overrides": [
		{"predicate": {"custom_model_data":1116111}, "model": "block/invisible_button"},
		{"predicate": {"custom_model_data":1117111}, "model": "block/kart_red"},
		{"predicate": {"custom_model_data":1117112}, "model": "block/kart_blue"},
		{"predicate": {"custom_model_data":1117113}, "model": "block/kart_yellow"},
		{"predicate": {"custom_model_data":1117114}, "model": "block/kart_green"},
		{"predicate": {"custom_model_data":1117115}, "model": "block/kart_purple"}
	]
}